titulo;precio;ubicacion;descripcion;url;litros_detectados;ala_detectada;cumple_criterios;fecha_publicacion;envio;estado;imagen
Tabla Wingfoil Reedin Feather 138l;999.0;Tarifa, 11380;"Tabla de wingfoil Reedin Feather con 138 litros de volumen. Diseño moderno y ligero.

- Modelo: Feather
- Volumen: 138L
- Color: Blanco con detalles grises y negros
- Diseño con pads antideslizantes
- Incluye boardbag


[F-One Rocket, Duotone Sky, Gong Hipe, Naish Hover, Starboard TakeOff, North Seek, KT Ginxu, Cabrinha Code, Slingshot Outwit, Appletree Appleslice, Armstrong Forward, RRD Beluga, Tabou Pocket, Ensis RocknRoll, Sunova Aviator, Takoon Comet, Reedin Feather, Kalama E3, AK Phazer, Omen Flux, AFS Fire, Freedom Rubix, PPC Soar, Sabfoil Tormento, Eleveight Escape]";https://es.wallapop.com/item/tabla-wingfoil-reedin-feather-138l-1221921518;[138];[];False;2026-06-12;Envío disponible;Disponible;https://cdn.wallapop.com/images/10420/k7/i0/__/c10420p1221921518/i6235230543.jpg?pictureSize=W640
Alquiler Equipo Wingfoil;1.0;Moaña, 36950;"Vas a un spot en el que no navegas habitualmente y necesitas material diatinto o quieres probar algo nuevo? En Foil Fanatics tenemos disponibles equipos de alta gama para que pruebes, disfrutes siempre. Enviamos a toda peninsula + baleares. posibilidad de alquiler de larga duracion!

material disponible:

wing ozone:
wasp v2: 4m, 6m
wasp v3: 3.6m, 4.3m, 5.0m, 5.7m
flow 5m, 5.7m
fusion: 5m

foils full carbon:

apex, mastil 90cm, alas delanteras: 950, 1250, 1500, 1200 LA (kite)

sabfoil kraken, plato o tuttle, 83cm, 93cm
ala delanteras: w1100 2100cm2, medusa 799 1100cm2

tablas ozone:
apex kite foil
rise full carbon 75L, 90L";https://es.wallapop.com/item/alquiler-equipo-wingfoil-1007174941;[75, 90];[3.6, 4, 4.3, 5, 5.7, 6];False;2026-07-08;Envío disponible;Disponible;https://cdn.wallapop.com/images/10420/gn/n9/__/c10420p1007174941/i4900591101.jpg?pictureSize=W640|https://cdn.wallapop.com/images/10420/gn/n9/__/c10420p1007174941/i4900591135.jpg?pictureSize=W640|https://cdn.wallapop.com/images/10420/gn/n9/__/c10420p1007174941/i4900591142.jpg?pictureSize=W640
Equipo wingfoil completo;850.0;Murcia, 30010;"Conjunto completo GONG de wing foil, perfecto para iniciarse:

-Tabla hinchable GONG HIPE 5.5 (145l)

-Wing GONG Neutra V.2 (6m2)

-Foil GONG Allvator V2 X-Over XXL     con dos mástiles (65 cm y 85 cm).

-Todas las bolsas de transporte originales y todos los accesorios (hinchador, tornillos, cinchas…)

- traje de neopreno, pantalones   de neopreno y casco, talla L.

Equipo con menos de 10 baños, sin óxidos, sin pinchazos ni reparaciones, en perfecto estado.";https://es.wallapop.com/item/equipo-wingfoil-completo-1278990598;[145];[6];True;2026-07-07;Envío disponible;Reservado;https://cdn.wallapop.com/images/10420/l5/h7/__/c10420p1278990598/i6600501338.jpg?pictureSize=W640|https://cdn.wallapop.com/images/10420/l5/h7/__/c10420p1278990598/i6600501420.jpg?pictureSize=W640|https://cdn.wallapop.com/images/10420/l5/h7/__/c10420p1278990598/i6600501396.jpg?pictureSize=W640|https://cdn.wallapop.com/images/10420/l5/h7/__/c10420p1278990598/i6600501360.jpg?pictureSize=W640|https://cdn.wallapop.com/images/10420/l5/h7/__/c10420p1278990598/i6600501380.jpg?pictureSize=W640|https://cdn.wallapop.com/images/10420/l5/h7/__/c10420p1278990598/i6600501414.jpg?pictureSize=W640|https://cdn.wallapop.com/images/10420/l5/h7/__/c10420p1278990598/i6600501429.jpg?pictureSize=W640|https://cdn.wallapop.com/images/10420/l5/h7/__/c10420p1278990598/i6600501437.jpg?pictureSize=W640|https://cdn.wallapop.com/images/10420/l5/h7/__/c10420p1278990598/i6600501372.jpg?pictureSize=W640|https://cdn.wallapop.com/images/10420/l5/h7/__/c10420p1278990598/i6600501350.jpg?pictureSize=W640
Cabrinha Macro Air 140L Tabla Wingfoil;400.0;Castelldefels, 08860;"Tabla de wingfoil Cabrinha Macro Air de 140 litros. 
hinchable
para aprender es perfecta
muy estable";https://es.wallapop.com/item/cabrinha-macro-air-140l-tabla-foil-1183802767;[140];[];False;2026-06-08;Envío disponible;Disponible;https://cdn.wallapop.com/images/10420/jk/t0/__/c10420p1183802767/i5978642825.jpg?pictureSize=W640|https://cdn.wallapop.com/images/10420/jk/t0/__/c10420p1183802767/i5978642851.jpg?pictureSize=W640|https://cdn.wallapop.com/images/10420/jk/t0/__/c10420p1183802767/i5978642837.jpg?pictureSize=W640
Ala Wingfoil Duotone 6.0;320.0;Palma de Mallorca, 07002;"Ala de wingfoil Duotone de 6.0 metros cuadrados. Diseñada para ofrecer un rendimiento óptimo en diversas condiciones.

- Color principal gris y verde menta.
- Ventanas transparentes para visibilidad.
- Logo de Duotone visible.
Incluye bolsa de transporte";https://es.wallapop.com/item/ala-wingfoil-duotone-6-0-1267543078;[];[6];False;2026-07-06;Envío disponible;Disponible;https://cdn.wallapop.com/images/10420/ky/nu/__/c10420p1267543078/i6529032046.jpg?pictureSize=W640|https://cdn.wallapop.com/images/10420/ky/nu/__/c10420p1267543078/i6529032096.jpg?pictureSize=W640|https://cdn.wallapop.com/images/10420/ky/nu/__/c10420p1267543078/i6529032073.jpg?pictureSize=W640|https://cdn.wallapop.com/images/10420/ky/nu/__/c10420p1267543078/i6529032053.jpg?pictureSize=W640|https://cdn.wallapop.com/images/10420/ky/nu/__/c10420p1267543078/i6529032061.jpg?pictureSize=W640|https://cdn.wallapop.com/images/10420/ky/nu/__/c10420p1267543078/i6529032084.jpg?pictureSize=W640
Vela Wingfoil North Nova Pro 6m2 2025;625.0;Torrelles de Llobregat, 08629;"Vela de wingfoil North Nova Pro de 6m2 del modelo 2025. Diseñada para ofrecer un rendimiento excepcional.

- Color blanco con detalles en negro y azul.
- Ventanas transparentes para visibilidad.
- ningún desperfecto 
-incluye la botavara de carbono";https://es.wallapop.com/item/vela-wingfoil-north-nova-pro-6m2-2025-1278843879;[];[6];False;2026-07-05;Envío disponible;Disponible;https://cdn.wallapop.com/images/10420/l5/e2/__/c10420p1278843879/i6599825074.jpg?pictureSize=W640|https://cdn.wallapop.com/images/10420/l5/e2/__/c10420p1278843879/i6599825130.jpg?pictureSize=W640|https://cdn.wallapop.com/images/10420/l5/e2/__/c10420p1278843879/i6599825145.jpg?pictureSize=W640|https://cdn.wallapop.com/images/10420/l5/e2/__/c10420p1278843879/i6599825092.jpg?pictureSize=W640|https://cdn.wallapop.com/images/10420/l5/e2/__/c10420p1278843879/i6599825082.jpg?pictureSize=W640|https://cdn.wallapop.com/images/10420/l5/e2/__/c10420p1278843879/i6599825087.jpg?pictureSize=W640|https://cdn.wallapop.com/images/10420/l5/e2/__/c10420p1278843879/i6599825103.jpg?pictureSize=W640|https://cdn.wallapop.com/images/10420/l5/e2/__/c10420p1278843879/i6599825115.jpg?pictureSize=W640|https://cdn.wallapop.com/images/10420/l5/e2/__/c10420p1278843879/i6599825160.jpg?pictureSize=W640
Tabla de WINGFOIL Naish 140L;810.0;Barcelona, 08003;"🌊¡Ponemos a la venta nuestro material de Escuela!!

🦅 Tabla Wing Foil 140L
🏆 Marca: Naish
📐 Medidas: 140L - 6’6” x 33” x 4 3/5”
FULL CARBON

🪢 Leash +30€
🔩 Tornillaje +20€

✨ Estado del producto:
✅ Muy buenas condiciones, muy poco uso
✅ Totalmente revisado y comprobado.
✅ 6 meses de garantia


🏠 Passate por nuestra escuela a verla 
📦 Envíos gratuitos
📲 Contáctanos sin compromiso:
💬 Escríbenos por WhatsApp o llámanos al +34 605684056 📞

🏠 Passate por nuestra escuela a verla:
📍Psg. Joan Borbo, 78, Local 7 / La Barceloneta";https://es.wallapop.com/item/tabla-de-wingfoil-naish-952744957;[140];[];False;2025-12-18;Envío disponible;Disponible;https://cdn.wallapop.com/images/10420/fr/8m/__/c10420p952744957/i3584945774.jpg?pictureSize=W640|https://cdn.wallapop.com/images/10420/fr/8m/__/c10420p952744957/i3585621208.jpg?pictureSize=W640|https://cdn.wallapop.com/images/10420/fr/8m/__/c10420p952744957/i3585621200.jpg?pictureSize=W640
Vela North Nova 6m;400.0;Palma de Mallorca, 07005;"Vela de wingfoil North Nova de 6 metros. Se encuentra en buen estado.

- Diseño moderno y funcional.
- Marca: North Sails.
- Modelo: Nova.
- Tamaño: 6.0 m².";https://es.wallapop.com/item/vela-north-nova-6m-1268481055;[];[6];False;2026-06-02;Envío disponible;Disponible;https://cdn.wallapop.com/images/10420/kz/7y/__/c10420p1268481055/i6534730468.jpg?pictureSize=W640|https://cdn.wallapop.com/images/10420/kz/7y/__/c10420p1268481055/i6534730578.jpg?pictureSize=W640|https://cdn.wallapop.com/images/10420/kz/7y/__/c10420p1268481055/i6534730660.jpg?pictureSize=W640|https://cdn.wallapop.com/images/10420/kz/7y/__/c10420p1268481055/i6534730805.jpg?pictureSize=W640|https://cdn.wallapop.com/images/10420/kz/7y/__/c10420p1268481055/i6534731034.jpg?pictureSize=W640|https://cdn.wallapop.com/images/10420/kz/7y/__/c10420p1268481055/i6534731143.jpg?pictureSize=W640
Ala F-ONE Strike V2 WCW 6 m;330.0;Badajoz, 06003;"Potente y ligera ala de  Wingfoil F-ONE Strike v2 WCW siendo más estrecha que otros modelos, para no dar con las puntas en el agua
De 6 metros cuadrados.
En perfecto, estado, muy poco uso, sin  reparación.";https://es.wallapop.com/item/ala-f-one-strike-wcw-6-m-1263838131;[];[6];False;2026-06-21;Envío disponible;Disponible;https://cdn.wallapop.com/images/10420/kw/gf/__/c10420p1263838131/i6506693125.jpg?pictureSize=W640|https://cdn.wallapop.com/images/10420/kw/gf/__/c10420p1263838131/i6506693183.jpg?pictureSize=W640|https://cdn.wallapop.com/images/10420/kw/gf/__/c10420p1263838131/i6506693172.jpg?pictureSize=W640|https://cdn.wallapop.com/images/10420/kw/gf/__/c10420p1263838131/i6506693159.jpg?pictureSize=W640|https://cdn.wallapop.com/images/10420/kw/gf/__/c10420p1263838131/i6506693152.jpg?pictureSize=W640|https://cdn.wallapop.com/images/10420/kw/gf/__/c10420p1263838131/i6506693147.jpg?pictureSize=W640|https://cdn.wallapop.com/images/10420/kw/gf/__/c10420p1263838131/i6506693142.jpg?pictureSize=W640|https://cdn.wallapop.com/images/10420/kw/gf/__/c10420p1263838131/i6506693138.jpg?pictureSize=W640|https://cdn.wallapop.com/images/10420/kw/gf/__/c10420p1263838131/i6506693179.jpg?pictureSize=W640|https://cdn.wallapop.com/images/10420/kw/gf/__/c10420p1263838131/i6506693163.jpg?pictureSize=W640
Tabla Gong Cruzader 8.2 145L;499.0;Berben, 11500;"Tabla Gong Cruzader de 8.2 19 1/2 7 3/16 145L
En excelente estado, un toque en la popa por la parte superior hecho en el garaje al guardarla, únicamente es pintura (se podría entregar reparado si se desea, no se repara para que se vea realmente el toque) 

Perfecta para SUP foil, downwind, ligthwind o flat start.

Literalmente la tabla corre sola bombeando y sale al volar casi sin esfuerzo. 

Se acepta cambio por tabla de este estilo de 20 maximo de manga y 6.3 de eslora o midlength de unos 100L

invento/ foil/hydrofoil/wingfoil/kitefoil/duotone/onada/olas/fanatic/gong/slingshot/zaoli/ion/north/flysurfer/wingfoil/ozone/fone/cabrinha";https://es.wallapop.com/item/tabla-gong-cruzader-8-2-145l-1270834762;[100, 145];[];False;2026-07-05;Envío disponible;Disponible;https://cdn.wallapop.com/images/10420/l0/me/__/c10420p1270834762/i6550929139.jpg?pictureSize=W640|https://cdn.wallapop.com/images/10420/l0/me/__/c10420p1270834762/i6550929154.jpg?pictureSize=W640|https://cdn.wallapop.com/images/10420/l0/me/__/c10420p1270834762/i6550929196.jpg?pictureSize=W640|https://cdn.wallapop.com/images/10420/l0/me/__/c10420p1270834762/i6550929159.jpg?pictureSize=W640|https://cdn.wallapop.com/images/10420/l0/me/__/c10420p1270834762/i6550929183.jpg?pictureSize=W640|https://cdn.wallapop.com/images/10420/l0/me/__/c10420p1270834762/i6550929191.jpg?pictureSize=W640|https://cdn.wallapop.com/images/10420/l0/me/__/c10420p1270834762/i6550929201.jpg?pictureSize=W640|https://cdn.wallapop.com/images/10420/l0/me/__/c10420p1270834762/i6550929166.jpg?pictureSize=W640|https://cdn.wallapop.com/images/10420/l0/me/__/c10420p1270834762/i6550929206.jpg?pictureSize=W640|https://cdn.wallapop.com/images/10420/l0/me/__/c10420p1270834762/i6550929173.jpg?pictureSize=W640
Freewing Air V5 6 metros como nueva;1000.0;Sant Joan de Moró, 12130;"Vendo Freewing Air V5 de 6 metros.  Está igual que nueva, solo un uso de una hora, ni se ha mojado... 
Marca de Starboard y airush 
Modelo allround high performance 
Ala de wingfoil de rendimiento
Muy rígida y ligera, muy buena remada y empieza con muy poco viento, material en el paño code X que hace que no se deforme ni se estire, y si se hace un corte que no se alargue.. 
Botavara de carbono de una pieza, y varias ventanas para facilitar la visión.. 
Vendo por cambiar a modelo 2026
Incluye leash de cintura";https://es.wallapop.com/item/freewing-air-v5-6-metros-como-nueva-1168554805;[];[6];False;2026-05-25;Envío disponible;Disponible;https://cdn.wallapop.com/images/10420/jb/q6/__/c10420p1168554805/i5894654530.jpg?pictureSize=W640|https://cdn.wallapop.com/images/10420/jb/q6/__/c10420p1168554805/i5894654537.jpg?pictureSize=W640|https://cdn.wallapop.com/images/10420/jb/q6/__/c10420p1168554805/i5894654550.jpg?pictureSize=W640|https://cdn.wallapop.com/images/10420/jb/q6/__/c10420p1168554805/i5894654560.jpg?pictureSize=W640|https://cdn.wallapop.com/images/10420/jb/q6/__/c10420p1168554805/i5894654577.jpg?pictureSize=W640|https://cdn.wallapop.com/images/10420/jb/q6/__/c10420p1168554805/i5894654603.jpg?pictureSize=W640|https://cdn.wallapop.com/images/10420/jb/q6/__/c10420p1168554805/i5894654615.jpg?pictureSize=W640|https://cdn.wallapop.com/images/10420/jb/q6/__/c10420p1168554805/i5894654629.jpg?pictureSize=W640|https://cdn.wallapop.com/images/10420/jb/q6/__/c10420p1168554805/i5894654643.jpg?pictureSize=W640
Ala Wingfoil 6m North;320.0;Las Rozas de Madrid, 28230;"Ala (Wing) North Nova de 6m2 en estado impecable. Una de las mejores velas del mercado por su construcción premium, rigidez y durabilidad. Diseño geométrico muy compacto: ofrece la potencia y el tiro de una 6m2 ideal para vientos flojos o térmicos, pero con una envergadura optimizada que evita que las puntas toquen el agua al aprender. Cuenta con asas rígidas/ergonómicas que reducen la fatiga en los brazos y dan un control milimétrico. Tejido crujiente, sin poros, ni pérdidas de presión en las válvulas. Incluye su mochila.

wingfoil surf kite nova vela foil duotone f one tabla ala";https://es.wallapop.com/item/vela-wing-nova-5-0-1274508074;[];[6];False;2026-06-28;Envío disponible;Disponible;https://cdn.wallapop.com/images/10420/l2/t4/__/c10420p1274508074/i6572180455.jpg?pictureSize=W640
Tabla wingfoil supfoil carbono Gong Cruzader 6'10;650.0;Alicante/Alacant, 03010;"Tabla de wingfoil y supfoil Gong Cruzader Diamond Pro 6,10 140L. Usada solo un día. Protegida toda la proa y los cantos con cinta transparente. Funda incluida a estrenar también. 

- Modelo: Cruzader Diamond Pro
- Tamaño: 6'10
- Material: Carbono";https://es.wallapop.com/item/tabla-wingfoil-supfoil-carbono-gong-cruzader-6-10-1264215933;[140];[];False;2026-06-13;Envío disponible;Disponible;https://cdn.wallapop.com/images/10420/kw/oj/__/c10420p1264215933/i6509196537.jpg?pictureSize=W640|https://cdn.wallapop.com/images/10420/kw/oj/__/c10420p1264215933/i6509196621.jpg?pictureSize=W640|https://cdn.wallapop.com/images/10420/kw/oj/__/c10420p1264215933/i6509196737.jpg?pictureSize=W640|https://cdn.wallapop.com/images/10420/kw/oj/__/c10420p1264215933/i6509196838.jpg?pictureSize=W640|https://cdn.wallapop.com/images/10420/kw/oj/__/c10420p1264215933/i6509196919.jpg?pictureSize=W640|https://cdn.wallapop.com/images/10420/kw/oj/__/c10420p1264215933/i6509197008.jpg?pictureSize=W640|https://cdn.wallapop.com/images/10420/kw/oj/__/c10420p1264215933/i6509205546.jpg?pictureSize=W640|https://cdn.wallapop.com/images/10420/kw/oj/__/c10420p1264215933/i6509205561.jpg?pictureSize=W640|https://cdn.wallapop.com/images/10420/kw/oj/__/c10420p1264215933/i6509205574.jpg?pictureSize=W640|https://cdn.wallapop.com/images/10420/kw/oj/__/c10420p1264215933/i6526664522.jpg?pictureSize=W640
Vela Wingfoil Cabrinha Mantis 6m 2022;250.0;Majadahonda, 28222;"Vela de wingfoil Cabrinha Mantis de 6 metros.

- Modelo Mantis.
- Tamaño 6m.
- Marca Cabrinha.
- Diseño con número 9.";https://es.wallapop.com/item/vela-wingfoil-cabrinha-mantis-6m-2022-1271300565;[];[6];False;2026-06-10;Envío disponible;Disponible;https://cdn.wallapop.com/images/10420/l0/wd/__/c10420p1271300565/i6553839130.jpg?pictureSize=W640|https://cdn.wallapop.com/images/10420/l0/wd/__/c10420p1271300565/i6553839142.jpg?pictureSize=W640|https://cdn.wallapop.com/images/10420/l0/wd/__/c10420p1271300565/i6553839148.jpg?pictureSize=W640|https://cdn.wallapop.com/images/10420/l0/wd/__/c10420p1271300565/i6553839153.jpg?pictureSize=W640|https://cdn.wallapop.com/images/10420/l0/wd/__/c10420p1271300565/i6553839156.jpg?pictureSize=W640|https://cdn.wallapop.com/images/10420/l0/wd/__/c10420p1271300565/i6553839159.jpg?pictureSize=W640|https://cdn.wallapop.com/images/10420/l0/wd/__/c10420p1271300565/i6553839165.jpg?pictureSize=W640|https://cdn.wallapop.com/images/10420/l0/wd/__/c10420p1271300565/i6553839171.jpg?pictureSize=W640|https://cdn.wallapop.com/images/10420/l0/wd/__/c10420p1271300565/i6553839178.jpg?pictureSize=W640|https://cdn.wallapop.com/images/10420/l0/wd/__/c10420p1271300565/i6553839186.jpg?pictureSize=W640
Pack Wingfoil GONG HIPE First 6'6 X-Over;975.0;Huelva, 21006;"Vendo pack completo de wingfoil GONG HIPE First X-Over, comprado para iniciarme y utilizado 3 veces.

Está en muy buen estado y se entrega completo, listo para entrar en el agua.

Incluye:

– Tabla hinchable GONG HIPE First 6'6, de 155 litros.
– Foil GONG X-Over completo.
– Mástil de aluminio de 85 cm.
– Wing GONG Plus.
– Leash de tabla y leash de wing.
– Bomba de inflado.
– Tornillería y accesorios de montaje.
– Bolsa original compartimentada para transportar todo el equipo.

Es un equipo ideal para iniciarse en el wingfoil, ya que la tabla tiene mucho volumen y ofrece una gran estabilidad antes de empezar a volar. Al ser hinchable";https://es.wallapop.com/item/pack-wingfoil-gong-hipe-first-6-6-x-over-1275682743;[155];[];False;2026-07-07;Envío disponible;Disponible;https://cdn.wallapop.com/images/10420/l3/ib/__/c10420p1275682743/i6578977759.jpg?pictureSize=W640|https://cdn.wallapop.com/images/10420/l3/ib/__/c10420p1275682743/i6578977771.jpg?pictureSize=W640|https://cdn.wallapop.com/images/10420/l3/ib/__/c10420p1275682743/i6578977777.jpg?pictureSize=W640
Wingfoil a estrenar Gofko Aero 6 metros;500.0;Poris de Abona, 38588;"nunca usado. Se entrega tal cual, con su mochila. 

Gofko Aero 6 meters

precio nueva hoy 699 euros.";https://es.wallapop.com/item/wingfoil-a-estrenar-gofko-aero-6-metros-935883893;[];[6];False;2026-05-20;Envío disponible;Disponible;https://cdn.wallapop.com/images/10420/fh/78/__/c10420p935883893/i3483556062.jpg?pictureSize=W640|https://cdn.wallapop.com/images/10420/fh/78/__/c10420p935883893/i3483556112.jpg?pictureSize=W640
Wing Ozone Fly V1 6m Seminuevo;450.0;Alcúdia, 07400;"¡Oportunidad única! 🌊
Wing Ozone Fly V1 de 6 metros en muy buen estado (7/10). Perfecta para iniciarte o progresar en wingfoil sin complicaciones.

✨ Características:
• Medida: 6.0m - tamaño polivalente
• Color: Amarillo 
• Estado: Seminuevo 7/10
• Incluye: Leash modular de cintura + bolsa de transporte
• Bomba NO incluida

🎯 Por qué esta wing:
Diseño limpio y ligero de Ozone Kites, una de las marcas más fiables del mercado. Ultra compacta y fácil de manejar, ideal tanto para principiantes como riders intermedios. Su configuración de asas Power Handle permite un agarre intuitivo y control total.
📦 Incluye todo lo necesario";https://es.wallapop.com/item/wing-ozone-fly-v1-6m-seminuevo-1208932204;[];[6];False;2026-06-26;Envío disponible;Disponible;https://cdn.wallapop.com/images/10420/jz/rm/__/c10420p1208932204/i6156630964.jpg?pictureSize=W640|https://cdn.wallapop.com/images/10420/jz/rm/__/c10420p1208932204/i6156630952.jpg?pictureSize=W640|https://cdn.wallapop.com/images/10420/jz/rm/__/c10420p1208932204/i6156630949.jpg?pictureSize=W640|https://cdn.wallapop.com/images/10420/jz/rm/__/c10420p1208932204/i6154582554.jpg?pictureSize=W640|https://cdn.wallapop.com/images/10420/jz/rm/__/c10420p1208932204/i6154582557.jpg?pictureSize=W640|https://cdn.wallapop.com/images/10420/jz/rm/__/c10420p1208932204/i6154582553.jpg?pictureSize=W640|https://cdn.wallapop.com/images/10420/jz/rm/__/c10420p1208932204/i6154582565.jpg?pictureSize=W640|https://cdn.wallapop.com/images/10420/jz/rm/__/c10420p1208932204/i6154582570.jpg?pictureSize=W640
Tabla wingfoil F-one Rocket Air 190L;540.0;Sueca, 46410;"Tabla polivalente, sirve para iniciarse en el mundo del wingfoil, para paddel sup, incluso he llegado a aprender surf con ella.

Tiene dos quillas para tener un mejor control, usada muy pocas veces ya que aprendi rapidamente a controlarlo.

Perfecta incluso en dias tranquilos para principiantes en el paddel sup.

Incluyo bolsa, su correspondiente inchador F-ONE, las dos quillas, el kit de reparacion nuevo ya que nunca lo he usado.

Para mas preguntar sin compromiso.";https://es.wallapop.com/item/tabla-wingfoil-f-one-rocket-air-190l-905541161;[190];[];False;2026-05-14;Envío disponible;Disponible;https://cdn.wallapop.com/images/10420/ez/4w/__/c10420p905541161/i3307223896.jpg?pictureSize=W640|https://cdn.wallapop.com/images/10420/ez/4w/__/c10420p905541161/i3307224066.jpg?pictureSize=W640|https://cdn.wallapop.com/images/10420/ez/4w/__/c10420p905541161/i3307224059.jpg?pictureSize=W640|https://cdn.wallapop.com/images/10420/ez/4w/__/c10420p905541161/i3307224075.jpg?pictureSize=W640|https://cdn.wallapop.com/images/10420/ez/4w/__/c10420p905541161/i3307224048.jpg?pictureSize=W640|https://cdn.wallapop.com/images/10420/ez/4w/__/c10420p905541161/i3307224041.jpg?pictureSize=W640
Equipo Wingfoil Completo;1230.0;Málaga, 29002;"equipo completo
tabla tabou 87litros con funda Ion con 2 footstraps
foil Takoon X-Glide 1450
ala nitro 6m2
ala nitro 4m2
regalo leash e inflador 
chaleco impacto 
la tabla tiene para vela de windsurf 
cambio por vespa 
PRECIO ALGO NEGOCIABLE";https://es.wallapop.com/item/equipo-wingfoil-completo-1061809108;[87];[4, 6];False;2026-05-23;Envío disponible;Disponible;https://cdn.wallapop.com/images/10420/hk/69/__/c10420p1061809108/i5194227398.jpg?pictureSize=W640|https://cdn.wallapop.com/images/10420/hk/69/__/c10420p1061809108/i5194227426.jpg?pictureSize=W640|https://cdn.wallapop.com/images/10420/hk/69/__/c10420p1061809108/i5194227495.jpg?pictureSize=W640|https://cdn.wallapop.com/images/10420/hk/69/__/c10420p1061809108/i5194227477.jpg?pictureSize=W640|https://cdn.wallapop.com/images/10420/hk/69/__/c10420p1061809108/i5194227459.jpg?pictureSize=W640|https://cdn.wallapop.com/images/10420/hk/69/__/c10420p1061809108/i5194227488.jpg?pictureSize=W640|https://cdn.wallapop.com/images/10420/hk/69/__/c10420p1061809108/i5194227498.jpg?pictureSize=W640|https://cdn.wallapop.com/images/10420/hk/69/__/c10420p1061809108/i5194227438.jpg?pictureSize=W640|https://cdn.wallapop.com/images/10420/hk/69/__/c10420p1061809108/i5194227470.jpg?pictureSize=W640|https://cdn.wallapop.com/images/10420/hk/69/__/c10420p1061809108/i5194228335.jpg?pictureSize=W640
Tabla GONG SUP Foil Biggy EPS Pro 8'6 145L;495.0;El Medano, 38612;"Tabla de SUP Foil GONG Biggy EPS Pro de 8'6 pies con 145 litros de volumen. Diseñada para foil y SUP.

Funda 50 euroi

Puede entregarse en cualquier aeropuerto importante de Europa a un precio fijo de 100 euros.

Armstrong Code Foils NoLimitz Axis Foils Sabfoil F-One Lift Foils Unifoil GoFoil Takuma Naish Cabrinha North Foils Slingshot downwind wingfoil supfoil";https://es.wallapop.com/item/tabla-gong-sup-foil-biggy-eps-pro-8-6-145l-1259794710;[145];[];False;2026-07-04;Envío disponible;Disponible;https://cdn.wallapop.com/images/10420/ku/1r/__/c10420p1259794710/i6481598916.jpg?pictureSize=W640
¡Oportunidad alas wingfoil!;450.0;Sevilla, 41005;Con las alas de 4.0 , 5.0 y 6.0 metros, garantizaras la navegación. Ver mi perfil para mas fotos;https://es.wallapop.com/item/oportunidad-alas-wingfoil-1269290825;[];[4, 6];False;2026-07-10;Envío disponible;Disponible;https://cdn.wallapop.com/images/10420/kz/pb/__/c10420p1269290825/i6541321955.jpg?pictureSize=W640|https://cdn.wallapop.com/images/10420/kz/pb/__/c10420p1269290825/i6541321972.jpg?pictureSize=W640|https://cdn.wallapop.com/images/10420/kz/pb/__/c10420p1269290825/i6541321988.jpg?pictureSize=W640
PACK WINGFOIL MARCA NAISH (tabla, foil y vela);1850.0;Barcelona, 08003;"PACK APTO INICIACIÓN 
Liquidación de stock!! Dos packs disponibles!!
~Pack de wingfoil~
Incluye:
1 tabla entre 85 litros y 140L
1 foil 1750 de ala frontal
1 Mastil 75cm + fuselaje
Funda transporte del foil
1 vela con funda de transporte (medida entre 4 y 5,5m)

Material muy nuevo y en bien cuidado
Opción de FOIL sin uso (sin abrir) por 100€ más.
6 meses de garantía incluidos

No incluye: leash para la tabla, inflador, casco y chaleco


🏠 Pasate por nuestra escuela a verl
📦 Envíos gratuitos
📲 Contáctanos sin compromiso:
💬 Escríbenos por WhatsApp o llámanos al +34 605684056 📞
📍Psg. Joan Borbo, 78, Local 7 / La Barceloneta";https://es.wallapop.com/item/pack-wingfoil-tabla-foil-y-vela-983518010;[85, 140];[5.5];False;2026-03-28;Envío disponible;Disponible;https://cdn.wallapop.com/images/10420/g9/k7/__/c10420p983518010/i4762324071.jpg?pictureSize=W640|https://cdn.wallapop.com/images/10420/g9/k7/__/c10420p983518010/i4762324132.jpg?pictureSize=W640|https://cdn.wallapop.com/images/10420/g9/k7/__/c10420p983518010/i4762324171.jpg?pictureSize=W640
Equipo completo Wingfoil Reeding y Starboard;950.0;Málaga, 29014;"Se vende equipo completo de Wingfoil, ideal para disfrutar de este deporte.
se compone de tabla de 112 litros el Foil es 1280 y 75 cm el mástil y las velas son una Reedin de 5’2 metros y otra starboard de 6 metros, se vende todo el conjunto entero.";https://es.wallapop.com/item/equipo-completo-wingfoil-reeding-y-starboard-1203478263;[112];[2, 6];False;2026-06-13;Envío disponible;Disponible;https://cdn.wallapop.com/images/10420/jw/ip/__/c10420p1203478263/i6116951566.jpg?pictureSize=W640|https://cdn.wallapop.com/images/10420/jw/ip/__/c10420p1203478263/i6116951680.jpg?pictureSize=W640|https://cdn.wallapop.com/images/10420/jw/ip/__/c10420p1203478263/i6116951660.jpg?pictureSize=W640|https://cdn.wallapop.com/images/10420/jw/ip/__/c10420p1203478263/i6116951630.jpg?pictureSize=W640|https://cdn.wallapop.com/images/10420/jw/ip/__/c10420p1203478263/i6116951594.jpg?pictureSize=W640|https://cdn.wallapop.com/images/10420/jw/ip/__/c10420p1203478263/i6116951691.jpg?pictureSize=W640|https://cdn.wallapop.com/images/10420/jw/ip/__/c10420p1203478263/i6116951644.jpg?pictureSize=W640|https://cdn.wallapop.com/images/10420/jw/ip/__/c10420p1203478263/i6116951701.jpg?pictureSize=W640|https://cdn.wallapop.com/images/10420/jw/ip/__/c10420p1203478263/i6116951609.jpg?pictureSize=W640|https://cdn.wallapop.com/images/10420/jw/ip/__/c10420p1203478263/i6116951588.jpg?pictureSize=W640
North Seek Prime 6'10 168L | Tabla de Wingfoil;1070.0;Can Pastilla, 07610;"Tabla para Wingfoil North Seek Prime 6'10 168L

Tabla con mucha flotabilidad, ideal para iniciación, o riders muy pesados.
Tiene opción de añadir una quilla para iniciación (antes de empezar a usar el foil) por 50€ más.
También se puede utilizar para SUP downwind.

En muy buen estado, como se ve en las fotos, puede tener alguna marca de uso.

Tiene todo el deck cubierto con gomaeva, lo que la hace mucho más segura y cómoda de navegar/aprender.

Muchos más artículos de kitesurf, wingfoil, efoil, wake, wakefoil, SUP/ Stand Up Paddle, surf, y mucho más en nuestro perfil, envíos a todo el mundo.";https://es.wallapop.com/item/north-seek-prime-6-10-168l-tabla-de-wingfoil-1067962454;[168];[];False;2026-03-08;Envío disponible;Disponible;https://cdn.wallapop.com/images/10420/hn/u5/__/c10420p1067962454/i5233476593.jpg?pictureSize=W640|https://cdn.wallapop.com/images/10420/hn/u5/__/c10420p1067962454/i5233476605.jpg?pictureSize=W640|https://cdn.wallapop.com/images/10420/hn/u5/__/c10420p1067962454/i5233476604.jpg?pictureSize=W640|https://cdn.wallapop.com/images/10420/hn/u5/__/c10420p1067962454/i5233476603.jpg?pictureSize=W640|https://cdn.wallapop.com/images/10420/hn/u5/__/c10420p1067962454/i5233476607.jpg?pictureSize=W640
Pack Duotone Wingfoil;2300.0;Playa de Gandia, 46730;"🏄🏼‍♂️Pack Duotone para la práctica de wingfoil.

- Tabla de wingfoil entre 80-160 litros, color azul con detalles con pad antideslizante.
- Foil completo ala entre 900 y 1750 de superficie (ala + fuselaje + estab)
- WING + leash entre 3,5 y 5,5 metros

🤓Preguntar info y asesoramiento sin compromiso.

🛠️Garantía 6 meses!!";https://es.wallapop.com/item/pack-duotone-wingfoil-1192958368;[160];[5.5];False;2026-06-13;Envío disponible;Disponible;https://cdn.wallapop.com/images/10420/jq/98/__/c10420p1192958368/i6026924753.jpg?pictureSize=W640|https://cdn.wallapop.com/images/10420/jq/98/__/c10420p1192958368/i6026924912.jpg?pictureSize=W640|https://cdn.wallapop.com/images/10420/jq/98/__/c10420p1192958368/i6026924826.jpg?pictureSize=W640
Vela Wingfoil Gong 6m;250.0;Doña Blanca-Poblado, 11500;"Vela de wingfoil Gong de 6 metros.

- Color azul y verde con detalles en amarillo.
- Modelo Super Power V2.
Siempre endulzada, tiene 2  poros uno muy pequeño y el otro algo más grande perfectamente sellados y arreglados, no pierde nada de aire, ideal para principiantes. Se incluye mochila. Tengo más artículos relacionados en mi perfil. Otra ala de 4 m y un foil
#foil#wing#wingfoil#gong#vela";https://es.wallapop.com/item/vela-wingfoil-gong-6m-1238875600;[];[4, 6];False;2026-07-10;Envío disponible;Disponible;https://cdn.wallapop.com/images/10420/kh/le/__/c10420p1238875600/i6348510306.jpg?pictureSize=W640|https://cdn.wallapop.com/images/10420/kh/le/__/c10420p1238875600/i6348510378.jpg?pictureSize=W640|https://cdn.wallapop.com/images/10420/kh/le/__/c10420p1238875600/i6348510455.jpg?pictureSize=W640|https://cdn.wallapop.com/images/10420/kh/le/__/c10420p1238875600/i6348510720.jpg?pictureSize=W640|https://cdn.wallapop.com/images/10420/kh/le/__/c10420p1238875600/i6348511046.jpg?pictureSize=W640|https://cdn.wallapop.com/images/10420/kh/le/__/c10420p1238875600/i6348511133.jpg?pictureSize=W640|https://cdn.wallapop.com/images/10420/kh/le/__/c10420p1238875600/i6348511205.jpg?pictureSize=W640|https://cdn.wallapop.com/images/10420/kh/le/__/c10420p1238875600/i6348511261.jpg?pictureSize=W640|https://cdn.wallapop.com/images/10420/kh/le/__/c10420p1238875600/i6348511325.jpg?pictureSize=W640|https://cdn.wallapop.com/images/10420/kh/le/__/c10420p1238875600/i6348511394.jpg?pictureSize=W640
Equipo Wingfoil Iniciación Completo para empezar.;1400.0;Madrid, 28002;"Equipo completo para iniciarse en el wingfoil. Ideal para empezar de cero. Tabla con volumen, fundamental para mantener el equilibrio al principio. 

Tabla Tabou pocket 137 litros
Wing GA 6.0
Foil GA 2000";https://es.wallapop.com/item/equipo-wingfoil-iniciacion-1279425417;[137];[];False;2026-07-09;Envío disponible;Disponible;https://cdn.wallapop.com/images/10420/l5/qi/__/c10420p1279425417/i6603075255.jpg?pictureSize=W640|https://cdn.wallapop.com/images/10420/l5/qi/__/c10420p1279425417/i6606875137.jpg?pictureSize=W640|https://cdn.wallapop.com/images/10420/l5/qi/__/c10420p1279425417/i6606875167.jpg?pictureSize=W640|https://cdn.wallapop.com/images/10420/l5/qi/__/c10420p1279425417/i6606875178.jpg?pictureSize=W640|https://cdn.wallapop.com/images/10420/l5/qi/__/c10420p1279425417/i6606875153.jpg?pictureSize=W640|https://cdn.wallapop.com/images/10420/l5/qi/__/c10420p1279425417/i6606875130.jpg?pictureSize=W640|https://cdn.wallapop.com/images/10420/l5/qi/__/c10420p1279425417/i6606875181.jpg?pictureSize=W640|https://cdn.wallapop.com/images/10420/l5/qi/__/c10420p1279425417/i6606875176.jpg?pictureSize=W640|https://cdn.wallapop.com/images/10420/l5/qi/__/c10420p1279425417/i6606875669.jpg?pictureSize=W640|https://cdn.wallapop.com/images/10420/l5/qi/__/c10420p1279425417/i6606875674.jpg?pictureSize=W640
Wing Wingfoil Gong 6 MTS;130.0;Balos, 35110;"Wing de wingfoil Gong de 6 metros en excelente estado.Poco uso,solo 3 baños.facil manejo,poco peso.

- Color verde y negro.
- Ventanas transparentes.";https://es.wallapop.com/item/wing-wingfoil-gong-6-mts-1241491611;[];[6];False;2026-07-09;Envío disponible;Disponible;https://cdn.wallapop.com/images/10420/kj/5h/__/c10420p1241491611/i6365270740.jpg?pictureSize=W640|https://cdn.wallapop.com/images/10420/kj/5h/__/c10420p1241491611/i6365270833.jpg?pictureSize=W640|https://cdn.wallapop.com/images/10420/kj/5h/__/c10420p1241491611/i6365270877.jpg?pictureSize=W640|https://cdn.wallapop.com/images/10420/kj/5h/__/c10420p1241491611/i6365270908.jpg?pictureSize=W640
Wingfoil nuevo 2.4*3.3m, 6 m²;250.0;Madrid, 28041;"Wingfoil EK Koets 6 m², nuevo a estrenar.

Medidas: 240 x 330 cm.
Sin uso, en embalaje original.";https://es.wallapop.com/item/wingfoil-nuevo-240x330cm-1233301073;[];[3.3, 6];False;2026-06-17;Envío disponible;Reservado;https://cdn.wallapop.com/images/10420/ke/9x/__/c10420p1233301073/i6311280177.jpg?pictureSize=W640|https://cdn.wallapop.com/images/10420/ke/9x/__/c10420p1233301073/i6315673343.jpg?pictureSize=W640
Tabla Wingfoil 180L Tabou Zeppelin;690.0;Chiclana de la Frontera, 11130;"Tabla de wingfoil Zeppelin 180 MTE, ideal para iniciación e intermedio. Diseñada para ofrecer una experiencia de navegación versátil.

Construcción robusta
La construcción ultra resistente soporta el uso intensivo por principiantes

Excelente estabilidad
Inicios rápidos
El kick pad y los bordes elevados de la cubierta ofrecen gran control y facilitan despegues rápidos
Posibilidad de incluir foil naish completo de 2450 en perfecto estado , pack completo 990€
Ningun tique ni reparacion solo marcas de uso.
- Marca: TABOU.
- Modelo: ZEPPELIN 2025 /180

- Volumen: 180L
- Modelo: Zeppelin
- Marca: Tabou
- Color: Azul marino, rojo y blanco";https://es.wallapop.com/item/tabla-wingfoil-180l-tabou-zeppelin-1249698306;[180];[];False;2026-06-24;Envío disponible;Disponible;https://cdn.wallapop.com/images/10420/ko/1d/__/c10420p1249698306/i6416902621.jpg?pictureSize=W640|https://cdn.wallapop.com/images/10420/ko/1d/__/c10420p1249698306/i6422524189.jpg?pictureSize=W640|https://cdn.wallapop.com/images/10420/ko/1d/__/c10420p1249698306/i6416902635.jpg?pictureSize=W640|https://cdn.wallapop.com/images/10420/ko/1d/__/c10420p1249698306/i6416902640.jpg?pictureSize=W640|https://cdn.wallapop.com/images/10420/ko/1d/__/c10420p1249698306/i6416906447.jpg?pictureSize=W640|https://cdn.wallapop.com/images/10420/ko/1d/__/c10420p1249698306/i6416906448.jpg?pictureSize=W640
Duotone Wing Unit SLS 6.0;1030.0;Casas de Porro, 11380;"Ala de wingfoil Duotone Unit SLS de 6.0 metros cuadrados. Diseñada para ofrecer un rendimiento excepcional.

La vela tiene muy muy poco uso y una reparacion.

- Modelo: Unit SLS
- Tamaño: 6.0 m²
- Marca: Duotone
- Color: Marrón con detalles morados y grises";https://es.wallapop.com/item/duotone-wing-unit-sls-6-0-1264419004;[];[6];False;2026-06-13;Envío disponible;Disponible;https://cdn.wallapop.com/images/10420/kw/sv/__/c10420p1264419004/i6510551483.jpg?pictureSize=W640|https://cdn.wallapop.com/images/10420/kw/sv/__/c10420p1264419004/i6510551533.jpg?pictureSize=W640|https://cdn.wallapop.com/images/10420/kw/sv/__/c10420p1264419004/i6510551577.jpg?pictureSize=W640|https://cdn.wallapop.com/images/10420/kw/sv/__/c10420p1264419004/i6510551666.jpg?pictureSize=W640
Pack Wingfoil - Tabla 41L + Vela 6m + Foil 700;785.0;Las Rozas de Madrid, 28230;"Equipo completo polivalente, ideal para Wingfoil o Kite Foil.

Incluye:

Tabla Compacta 41L: Ligera y reactiva, mínima resistencia al viento y máxima agilidad.

Ala North Nova 6m: Con asas rígidas, potente y perfecta para despegar rápido. Incluye mochila original.

Foil Velocidad - Ala 700 cm²: Perfil rápido, planeo fluido y giros limpios. Platina universal. Incluye su mochila de transporte.

Un pack espectacular, muy cuidado y listo para disfrutar en el agua.

wingfoil surf kite nova vela foil duotone f one tabla ala";https://es.wallapop.com/item/foil-tabla-completa-gong-1272624105;[41];[6];False;2026-06-28;Envío disponible;Disponible;https://cdn.wallapop.com/images/10420/l1/or/__/c10420p1272624105/i6584847658.jpg?pictureSize=W640|https://cdn.wallapop.com/images/10420/l1/or/__/c10420p1272624105/i6584870193.jpg?pictureSize=W640|https://cdn.wallapop.com/images/10420/l1/or/__/c10420p1272624105/i6561577811.jpg?pictureSize=W640|https://cdn.wallapop.com/images/10420/l1/or/__/c10420p1272624105/i6561577673.jpg?pictureSize=W640|https://cdn.wallapop.com/images/10420/l1/or/__/c10420p1272624105/i6561577755.jpg?pictureSize=W640|https://cdn.wallapop.com/images/10420/l1/or/__/c10420p1272624105/i6584870142.jpg?pictureSize=W640|https://cdn.wallapop.com/images/10420/l1/or/__/c10420p1272624105/i6584870149.jpg?pictureSize=W640
North Seek Prime 6'4 138L | Tabla de Wingfoil;1040.0;Can Pastilla, 07610;"Tabla para Wingfoil North Seek Prime 6'4 138L

Tabla con mucha flotabilidad, ideal para iniciación, o riders muy pesados.
Tiene opción de añadir una quilla para iniciación (antes de empezar a usar el foil) por 50€ más.
También se puede utilizar para SUP downwind.

En muy buen estado, como se ve en las fotos, puede tener alguna marca de uso.

Tiene todo el deck cubierto con gomaeva, lo que la hace mucho más segura y cómoda de navegar/aprender.

Muchos más artículos de kitesurf, wingfoil, efoil, wake, wakefoil, SUP/ Stand Up Paddle, surf, y mucho más en nuestro perfil, envíos a todo el mundo.";https://es.wallapop.com/item/north-seek-prime-6-4-138l-tabla-de-wingfoil-1067964161;[138];[];False;2026-03-08;Envío disponible;Disponible;https://cdn.wallapop.com/images/10420/hn/u6/__/c10420p1067964161/i5233483541.jpg?pictureSize=W640|https://cdn.wallapop.com/images/10420/hn/u6/__/c10420p1067964161/i5233483550.jpg?pictureSize=W640|https://cdn.wallapop.com/images/10420/hn/u6/__/c10420p1067964161/i5233483552.jpg?pictureSize=W640|https://cdn.wallapop.com/images/10420/hn/u6/__/c10420p1067964161/i5233483551.jpg?pictureSize=W640
TABLA PADEL SURF NSP RÍGIDA 11’x31”x4 1/4” - 190L;950.0;Castelldefels, 08860;"Tabla de paddle surf NSP rígida, en estupendas condiciones. Nunca se ha usado, sólo expuesta en tienda.

- Marca: NSP
- Tipo: Rígida

P

Somos PopKite, una tienda especializada en material de Surf, Kite, Windsurf y Wingfoil. Con años de experiencia, asesoramos a riders de todos los niveles y ofrecemos siempre productos de la mejor calidad.
Contáctanos ante cualquier duda, estaremos encantados de ayudarte.";https://es.wallapop.com/item/tabla-padel-surf-nsp-rigida-11x31x4-1-4-190l-1165674403;[190];[];False;2026-06-22;Envío disponible;Disponible;https://cdn.wallapop.com/images/10420/ja/0g/__/c10420p1165674403/i5878242312.jpg?pictureSize=W640|https://cdn.wallapop.com/images/10420/ja/0g/__/c10420p1165674403/i5878242327.jpg?pictureSize=W640|https://cdn.wallapop.com/images/10420/ja/0g/__/c10420p1165674403/i5878242356.jpg?pictureSize=W640|https://cdn.wallapop.com/images/10420/ja/0g/__/c10420p1165674403/i5878242349.jpg?pictureSize=W640|https://cdn.wallapop.com/images/10420/ja/0g/__/c10420p1165674403/i5878242337.jpg?pictureSize=W640
Windsurf foil Goya Airbolt 155 Wingfoil;500.0;Madrid, 28001;"Rebajado Tabla windsurf foil 155 litros . También vale para Wingfoil caja mixta.

Modelo Airbolt Pro full carbón. 
Tiene algunos roces pero no traspasaron .
Está en Madrid";https://es.wallapop.com/item/windsurf-foil-goya-airbolt-155-wingfoil-1031486358;[155];[];False;2026-06-14;Envío disponible;Disponible;https://cdn.wallapop.com/images/10420/h2/4b/__/c10420p1031486358/i5030636498.jpg?pictureSize=W640|https://cdn.wallapop.com/images/10420/h2/4b/__/c10420p1031486358/i5030636543.jpg?pictureSize=W640|https://cdn.wallapop.com/images/10420/h2/4b/__/c10420p1031486358/i5030636553.jpg?pictureSize=W640|https://cdn.wallapop.com/images/10420/h2/4b/__/c10420p1031486358/i5030636577.jpg?pictureSize=W640|https://cdn.wallapop.com/images/10420/h2/4b/__/c10420p1031486358/i5030636589.jpg?pictureSize=W640|https://cdn.wallapop.com/images/10420/h2/4b/__/c10420p1031486358/i5030636600.jpg?pictureSize=W640|https://cdn.wallapop.com/images/10420/h2/4b/__/c10420p1031486358/i5030636610.jpg?pictureSize=W640|https://cdn.wallapop.com/images/10420/h2/4b/__/c10420p1031486358/i5030636620.jpg?pictureSize=W640
Ala cometa Wingfoil Duotone 6m;450.0;Hinojedo, 39350;"Wingfoil Duotone 6m 
2024 Para vientos suaves, o aprendizaje. 
Eleveight # Gaastra # Gong # Duotone # F-one";https://es.wallapop.com/item/wingfoil-duotone-6m-1270308880;[];[6];False;2026-07-02;Envío disponible;Disponible;https://cdn.wallapop.com/images/10420/l0/b4/__/c10420p1270308880/i6547253443.jpg?pictureSize=W640|https://cdn.wallapop.com/images/10420/l0/b4/__/c10420p1270308880/i6547253456.jpg?pictureSize=W640|https://cdn.wallapop.com/images/10420/l0/b4/__/c10420p1270308880/i6547253462.jpg?pictureSize=W640|https://cdn.wallapop.com/images/10420/l0/b4/__/c10420p1270308880/i6547253449.jpg?pictureSize=W640
Tabla Wingfoil SBT Ave Fenix;250.0;Zarautz, 20800;"Tabla de wingfoil SBT Ave Fenix recien reparada y lista para seguir volando! 
Perfecta para iniciarse en el mundo del foil. 
Medidas 
180x93x15
190litros
Entrega en mano!";https://es.wallapop.com/item/tabla-wingfoil-sbt-ave-fenix-1277547479;[190];[];False;2026-07-09;Envío disponible;Disponible;https://cdn.wallapop.com/images/10420/l4/m9/__/c10420p1277547479/i6589539830.jpg?pictureSize=W640|https://cdn.wallapop.com/images/10420/l4/m9/__/c10420p1277547479/i6589539852.jpg?pictureSize=W640|https://cdn.wallapop.com/images/10420/l4/m9/__/c10420p1277547479/i6589539952.jpg?pictureSize=W640|https://cdn.wallapop.com/images/10420/l4/m9/__/c10420p1277547479/i6589539974.jpg?pictureSize=W640|https://cdn.wallapop.com/images/10420/l4/m9/__/c10420p1277547479/i6589539979.jpg?pictureSize=W640|https://cdn.wallapop.com/images/10420/l4/m9/__/c10420p1277547479/i6589539963.jpg?pictureSize=W640|https://cdn.wallapop.com/images/10420/l4/m9/__/c10420p1277547479/i6589539940.jpg?pictureSize=W640
Ala Wingfoil North Nova 6.0;200.0;Sevilla, 41005;"Ala de wingfoil North Nova de 6 metros. Diseñada para ofrecer un rendimiento excepcional.

- Color negro con detalles en verde turquesa.
- Ventanas transparentes para visibilidad.
- Logotipo North en el centro.";https://es.wallapop.com/item/ala-wingfoil-north-nova-6-0-1269258105;[];[6];False;2026-07-10;Envío disponible;Disponible;https://cdn.wallapop.com/images/10420/kz/ol/__/c10420p1269258105/i6541130707.jpg?pictureSize=W640|https://cdn.wallapop.com/images/10420/kz/ol/__/c10420p1269258105/i6541130729.jpg?pictureSize=W640|https://cdn.wallapop.com/images/10420/kz/ol/__/c10420p1269258105/i6541130831.jpg?pictureSize=W640|https://cdn.wallapop.com/images/10420/kz/ol/__/c10420p1269258105/i6541130814.jpg?pictureSize=W640|https://cdn.wallapop.com/images/10420/kz/ol/__/c10420p1269258105/i6541130788.jpg?pictureSize=W640|https://cdn.wallapop.com/images/10420/kz/ol/__/c10420p1269258105/i6541130803.jpg?pictureSize=W640|https://cdn.wallapop.com/images/10420/kz/ol/__/c10420p1269258105/i6541130754.jpg?pictureSize=W640|https://cdn.wallapop.com/images/10420/kz/ol/__/c10420p1269258105/i6541130743.jpg?pictureSize=W640|https://cdn.wallapop.com/images/10420/kz/ol/__/c10420p1269258105/i6541130769.jpg?pictureSize=W640
Pack Wingfoil JP + Neilpryde + Takoon;1999.0;Algeciras, 11202;"Pack completo de Wingfoil con tabla JP, foil Takoon y wing Neilpryde.
Incluye regalo de un foil Dakine 1300 o tabla Wingfoil hinchable de 135L

- Tabla disponible en 88L, 99L, 111L, 122L, 133L, 144L.
- Foil disponible en 1700, 1450, 1250.
- Wing Neilpryde disponible en  3.5, 5, 5.5 , 6
- Precio especial del pack: 1.999€.
Portes incluidos";https://es.wallapop.com/item/pack-wingfoil-jp---neilpryde---takoon-1271603523;[88, 99, 111, 122, 133, 135, 144];[];False;2026-06-11;Envío disponible;Disponible;https://cdn.wallapop.com/images/10420/l1/2v/__/c10420p1271603523/i6555678096.jpg?pictureSize=W640|https://cdn.wallapop.com/images/10420/l1/2v/__/c10420p1271603523/i6555678106.jpg?pictureSize=W640|https://cdn.wallapop.com/images/10420/l1/2v/__/c10420p1271603523/i6555678110.jpg?pictureSize=W640|https://cdn.wallapop.com/images/10420/l1/2v/__/c10420p1271603523/i6555678117.jpg?pictureSize=W640|https://cdn.wallapop.com/images/10420/l1/2v/__/c10420p1271603523/i6555678120.jpg?pictureSize=W640|https://cdn.wallapop.com/images/10420/l1/2v/__/c10420p1271603523/i6555678124.jpg?pictureSize=W640
Wingfoil North Seek Prime 138L;950.0;Can Pastilla, 07610;"Tabla de wingfoil North Seek Prime 138L en excelentes condiciones.  Es una tabla ligera y fácil de usar, ideal para principiantes y riders intermedios. Así cómo para riders más pesados.

Adicionalmente también tenemos el adaptador para añadir una quilla en lugar de foil si fuese necesario (no incluido en el precio)

- Modelo: North Seek Prime
- Volumen: 138L
- Diseño elegante y moderno.";https://es.wallapop.com/item/wingfoil-north-seek-prime-138l-1156134720;[138];[];False;2026-03-08;Envío disponible;Disponible;https://cdn.wallapop.com/images/10420/j4/bz/__/c10420p1156134720/i5819693056.jpg?pictureSize=W640|https://cdn.wallapop.com/images/10420/j4/bz/__/c10420p1156134720/i5819693069.jpg?pictureSize=W640|https://cdn.wallapop.com/images/10420/j4/bz/__/c10420p1156134720/i5819693072.jpg?pictureSize=W640|https://cdn.wallapop.com/images/10420/j4/bz/__/c10420p1156134720/i5819693073.jpg?pictureSize=W640
Reedin Purenatural 6.0m 2025 Wing;718.0;Tarifa, 11380;"Ala de wingfoil Reedin Purenatural de 6.0 metros, modelo 2025. Color morado con logo blanco.

- Tamaño: 6.0m
- Modelo: Purenatural
- Año: 2025
- Color: Morado


[duotone, f-one, north, cabrinha, core, armstrong, reedin, axis, sabfoil, naish, takoon, gong, slingshot, starboard, ozone, ensis, kt, rrd, vayu, fanatic, appletree, unifoil, gofoil, cloud ix, ppc, freedom foil, indiana, eleveight, gaastra, code, unit, slick, strike, nova, mantis, xps, d/lab, aluula, carbon, hm]";https://es.wallapop.com/item/reedin-purenatural-6-0m-2025-wing-1269956195;[];[6];False;2026-06-06;Envío disponible;Disponible;https://cdn.wallapop.com/images/10420/l0/3k/__/c10420p1269956195/i6545465783.jpg?pictureSize=W640|https://cdn.wallapop.com/images/10420/l0/3k/__/c10420p1269956195/i6545465798.jpg?pictureSize=W640
Wing Zaoli 6m;340.0;Berben, 11500;"Ala de wingfoil Zaoli de 6 metros.
Wing de alto performance, con alta ingeniería y construida por una de las mejores velerías Zaoli Sails. 
Con uso pero sigue funcionando perfectamente, entrega de potencia muy lineal. 
Tiene reparaciones en el paño realizadas con cinta de spi.

invento/ foil/hydrofoil/wingfoil/kitefoil/duotone/onada/olas/fanatic/gong/slingshot/zaoli/ion/north/flysurfer/wingfoil/ozone/fone/cabrinha/reedin/surf/downwind/lightwind/axis/takoon/dakine/rrd/billabong/tarifa/";https://es.wallapop.com/item/wing-zaoli-6m-1275850973;[];[6];False;2026-07-11;Envío disponible;Disponible;https://cdn.wallapop.com/images/10420/l3/lw/__/c10420p1275850973/i6579885045.jpg?pictureSize=W640|https://cdn.wallapop.com/images/10420/l3/lw/__/c10420p1275850973/i6579885077.jpg?pictureSize=W640|https://cdn.wallapop.com/images/10420/l3/lw/__/c10420p1275850973/i6579885093.jpg?pictureSize=W640|https://cdn.wallapop.com/images/10420/l3/lw/__/c10420p1275850973/i6579885060.jpg?pictureSize=W640|https://cdn.wallapop.com/images/10420/l3/lw/__/c10420p1275850973/i6579885064.jpg?pictureSize=W640|https://cdn.wallapop.com/images/10420/l3/lw/__/c10420p1275850973/i6579885097.jpg?pictureSize=W640|https://cdn.wallapop.com/images/10420/l3/lw/__/c10420p1275850973/i6579885072.jpg?pictureSize=W640|https://cdn.wallapop.com/images/10420/l3/lw/__/c10420p1275850973/i6579885068.jpg?pictureSize=W640|https://cdn.wallapop.com/images/10420/l3/lw/__/c10420p1275850973/i6579885082.jpg?pictureSize=W640|https://cdn.wallapop.com/images/10420/l3/lw/__/c10420p1275850973/i6579885087.jpg?pictureSize=W640
Pack Wingfoil Completo;950.0;El Puerto de Santa María, 11500;"Pack de wingfoil listo para usar. Incluye tabla y foil.

- Tabla con diseño blanco y negro.
- Foil con mástil y alas. Mastil 90cm ala 1100 y estabilizador de 210
-vela cabrinha 6 metros";https://es.wallapop.com/item/pack-wingfoil-completo-1230908018;[];[6];False;2026-06-29;Envío disponible;Disponible;https://cdn.wallapop.com/images/10420/kc/um/__/c10420p1230908018/i6295270483.jpg?pictureSize=W640|https://cdn.wallapop.com/images/10420/kc/um/__/c10420p1230908018/i6295270519.jpg?pictureSize=W640|https://cdn.wallapop.com/images/10420/kc/um/__/c10420p1230908018/i6295270512.jpg?pictureSize=W640|https://cdn.wallapop.com/images/10420/kc/um/__/c10420p1230908018/i6295270492.jpg?pictureSize=W640|https://cdn.wallapop.com/images/10420/kc/um/__/c10420p1230908018/i6295270523.jpg?pictureSize=W640|https://cdn.wallapop.com/images/10420/kc/um/__/c10420p1230908018/i6295270527.jpg?pictureSize=W640|https://cdn.wallapop.com/images/10420/kc/um/__/c10420p1230908018/i6295270531.jpg?pictureSize=W640|https://cdn.wallapop.com/images/10420/kc/um/__/c10420p1230908018/i6295270507.jpg?pictureSize=W640|https://cdn.wallapop.com/images/10420/kc/um/__/c10420p1230908018/i6295270502.jpg?pictureSize=W640
Pack Wingfoil Iniciación Completo;2250.0;Torrent, 46900;"Pack completo para iniciarse en el wingfoil.

- Tabla de wingfoil Fanatic Sky Wing. 125l
- Foil Naish. (Jet 2000 y mastil de 75cm)
- Bolsas de transporte de todo.
- vela de 4m duotone Slick 
- vela de 6m duotone Slick 
- leash de cintura en tabla y leash de muñeca en vela.
- botavara de carbono.
Venta en Cullera.
Se prioriza la venta conjunta para no quedarse artículos sueltos.";https://es.wallapop.com/item/pack-wingfoil-iniciacion-completo-1251257450;[125];[4, 6];False;2026-07-09;Envío disponible;Disponible;https://cdn.wallapop.com/images/10420/ko/ys/__/c10420p1251257450/i6428203548.jpg?pictureSize=W640|https://cdn.wallapop.com/images/10420/ko/ys/__/c10420p1251257450/i6428203633.jpg?pictureSize=W640|https://cdn.wallapop.com/images/10420/ko/ys/__/c10420p1251257450/i6428203687.jpg?pictureSize=W640|https://cdn.wallapop.com/images/10420/ko/ys/__/c10420p1251257450/i6428203559.jpg?pictureSize=W640|https://cdn.wallapop.com/images/10420/ko/ys/__/c10420p1251257450/i6428203593.jpg?pictureSize=W640|https://cdn.wallapop.com/images/10420/ko/ys/__/c10420p1251257450/i6428203567.jpg?pictureSize=W640|https://cdn.wallapop.com/images/10420/ko/ys/__/c10420p1251257450/i6428203610.jpg?pictureSize=W640|https://cdn.wallapop.com/images/10420/ko/ys/__/c10420p1251257450/i6428203618.jpg?pictureSize=W640|https://cdn.wallapop.com/images/10420/ko/ys/__/c10420p1251257450/i6428203679.jpg?pictureSize=W640|https://cdn.wallapop.com/images/10420/ko/ys/__/c10420p1251257450/i6428203665.jpg?pictureSize=W640
Pack Wingfoil - Tabla 110L + Vela 6m + Foil 1800;815.0;Las Rozas de Madrid, 28230;"Pack completo de Wingfoil listo para navegar, ideal para iniciación y progresión. Todo el material está impecable y es compatible entre sí.

Incluye:

Tabla Hinchable GONG Hipe First 110L (5'5""): Súper estable, con placa rígida de carbono. Con mochila.

Ala North Nova 6m: Vela premium, compacta, potente para vientos flojos/térmicos y con asas ergonómicas. Con mochila.

Foil Carbono Kohala Blaster 1800: Ala gigante para despegar sin esfuerzo, mástil y platina universal (US Box). Con mochila.

Ahórrate mareos buscando piezas sueltas. Comprar y al agua.

wingfoil surf kite nova vela foil duotone f one tabla ala";https://es.wallapop.com/item/equipo-completo-wingfoil-gong-north-kohala-1274518016;[110];[6];False;2026-06-28;Envío disponible;Disponible;https://cdn.wallapop.com/images/10420/l2/tc/__/c10420p1274518016/i6572221708.jpg?pictureSize=W640|https://cdn.wallapop.com/images/10420/l2/tc/__/c10420p1274518016/i6572221725.jpg?pictureSize=W640|https://cdn.wallapop.com/images/10420/l2/tc/__/c10420p1274518016/i6572221771.jpg?pictureSize=W640|https://cdn.wallapop.com/images/10420/l2/tc/__/c10420p1274518016/i6572221746.jpg?pictureSize=W640|https://cdn.wallapop.com/images/10420/l2/tc/__/c10420p1274518016/i6572221745.jpg?pictureSize=W640|https://cdn.wallapop.com/images/10420/l2/tc/__/c10420p1274518016/i6572221736.jpg?pictureSize=W640|https://cdn.wallapop.com/images/10420/l2/tc/__/c10420p1274518016/i6584846923.jpg?pictureSize=W640|https://cdn.wallapop.com/images/10420/l2/tc/__/c10420p1274518016/i6584846989.jpg?pictureSize=W640
Wing Gong Pulse 6m;150.0;Paterna, 46980;"Wing de wingfoil Gong Pulse de 6 m2.

- Color verde lima.
- año 2022";https://es.wallapop.com/item/wing-gong-pulse-6m-1233753964;[];[6];False;2026-05-16;Envío disponible;Disponible;https://cdn.wallapop.com/images/10420/ke/jm/__/c10420p1233753964/i6314038183.jpg?pictureSize=W640
Tabla Wing Reedin S-Feather 188L Principiente;699.0;Tarifa, 11380;"Tabla de wingfoil Reedin S-Feather de 188 litros, ideal para iniciación / gran tamaño

- Diseño moderno con franjas de color.
- Número de serie 188 visible.
- Logo de la marca en rojo.


[duotone, f-one, north, cabrinha, core, armstrong, reedin, axis, sabfoil, naish, takoon, gong, slingshot, starboard, ozone, ensis, kt, rrd, vayu, fanatic, appletree, unifoil, gofoil, cloud ix, ppc, freedom foil, indiana, eleveight, gaastra, code, unit, slick, strike, nova, mantis, xps, d/lab, aluula, carbon, hm]";https://es.wallapop.com/item/tabla-wing-reedin-s-feather-188l-principiente-1227649685;[188];[];False;2026-06-12;Envío disponible;Disponible;https://cdn.wallapop.com/images/10420/ka/ws/__/c10420p1227649685/i6273741472.jpg?pictureSize=W640|https://cdn.wallapop.com/images/10420/ka/ws/__/c10420p1227649685/i6273741482.jpg?pictureSize=W640
Wingfoil Takoon 4, 5 y 6 m 150 cada una;450.0;Sant Antoni de Portmany, 07820;"Vendo tres velas de wingfoil Takoon, Están en muy buen estado y listas para usar. 

- Incluye tres velas de wingfoil.
- Modelo Takoon.
- Medidas: 4m, 5m y 6 m
- En perfecto estado.";https://es.wallapop.com/item/wingfoil-takoon-4-y-5m-350-cada-una-1155380377;[];[4, 5, 6];False;2026-05-25;Envío disponible;Disponible;https://cdn.wallapop.com/images/10420/j3/vt/__/c10420p1155380377/i5814654346.jpg?pictureSize=W640|https://cdn.wallapop.com/images/10420/j3/vt/__/c10420p1155380377/i5814654405.jpg?pictureSize=W640|https://cdn.wallapop.com/images/10420/j3/vt/__/c10420p1155380377/i5814654389.jpg?pictureSize=W640
Tabla Gong SUP Foil/Wingfoil Híbrida 8.6 33 ancho;550.0;El Prat de Llobregat, 08820;"Tabla híbrida Gong para SUP foil, wingfoil y paddle surf. Diseñada para versatilidad en el agua. 155 l

- Diseño moderno con áreas de agarre texturizadas.
- Combinación de colores gris, azul y verde lima.
- Incluye leash y quillas.";https://es.wallapop.com/item/tabla-gong-sup-foil-wingfoil-hibrida-8-6-1280061093;[155];[];False;2026-07-11;Envío disponible;Disponible;https://cdn.wallapop.com/images/10420/l6/45/__/c10420p1280061093/i6607160404.jpg?pictureSize=W640|https://cdn.wallapop.com/images/10420/l6/45/__/c10420p1280061093/i6607160411.jpg?pictureSize=W640|https://cdn.wallapop.com/images/10420/l6/45/__/c10420p1280061093/i6607160423.jpg?pictureSize=W640|https://cdn.wallapop.com/images/10420/l6/45/__/c10420p1280061093/i6607160428.jpg?pictureSize=W640|https://cdn.wallapop.com/images/10420/l6/45/__/c10420p1280061093/i6607160435.jpg?pictureSize=W640
Wing de Wingfoil KT Wing Air 6.0 - Color Oliva;490.0;Alcúdia, 07400;"Wing Air de KT Foiling en color oliva exclusivo, tamaño 6.0m2. Perfecto para todo tipo de condiciones.

INCLUYE: Leash de muñeca + Bolsa de transporte
NO INCLUYE: Bomba de inflado

ESTADO: 7/10 - Buen estado general, completamente funcional

CARACTERÍSTICAS:
Diseñado por Jason Diffin (campeón mundial). Construcción ultraligera con materiales Dimension Polyant y refuerzos de kevlar. Excelente estabilidad, potencia en rango bajo y fácil de manejar en olas.

Envío a toda España
Vendedor con experiencia
Respuesta rápida - Envío inmediato

Solo 1 unidad disponible!";https://es.wallapop.com/item/wing-de-wingfoil-kt-wing-air-6-0-color-oliva-1209034554;[];[6];False;2026-06-26;Envío disponible;Disponible;https://cdn.wallapop.com/images/10420/jz/tt/__/c10420p1209034554/i6156630028.jpg?pictureSize=W640|https://cdn.wallapop.com/images/10420/jz/tt/__/c10420p1209034554/i6156630026.jpg?pictureSize=W640|https://cdn.wallapop.com/images/10420/jz/tt/__/c10420p1209034554/i6156630047.jpg?pictureSize=W640|https://cdn.wallapop.com/images/10420/jz/tt/__/c10420p1209034554/i6155227973.jpg?pictureSize=W640|https://cdn.wallapop.com/images/10420/jz/tt/__/c10420p1209034554/i6155227961.jpg?pictureSize=W640|https://cdn.wallapop.com/images/10420/jz/tt/__/c10420p1209034554/i6155227972.jpg?pictureSize=W640|https://cdn.wallapop.com/images/10420/jz/tt/__/c10420p1209034554/i6155227978.jpg?pictureSize=W640|https://cdn.wallapop.com/images/10420/jz/tt/__/c10420p1209034554/i6155227979.jpg?pictureSize=W640
Tabla WingFoil RRD 160L BIG BELUGA;980.0;Málaga, 29007;"Tabla de WingFoil RRD BIG BELUGA de 160 litros.

- Diseño White Line Y31
- Incluye footstraps


**NO INCLUYE FOIL";https://es.wallapop.com/item/tabla-wingfoil-rrd-160l-big-beluga-1280862331;[160];[];False;2026-07-11;Envío disponible;Disponible;https://cdn.wallapop.com/images/10420/l6/lb/__/c10420p1280862331/i6612282729.jpg?pictureSize=W640|https://cdn.wallapop.com/images/10420/l6/lb/__/c10420p1280862331/i6612282749.jpg?pictureSize=W640|https://cdn.wallapop.com/images/10420/l6/lb/__/c10420p1280862331/i6612282743.jpg?pictureSize=W640|https://cdn.wallapop.com/images/10420/l6/lb/__/c10420p1280862331/i6612282761.jpg?pictureSize=W640
Ala Wing Foil Eleveight 6m;300.0;Reus, 43201;"Ala de wing foil Eleveight de 6 metros. Diseñada para ofrecer un rendimiento óptimo.

- Color principal rojo y gris.
- Ventanas transparentes para visibilidad.
Tiene una reparación realizada por Virus Kite, un excelente profesional reparando Kites y Wings. 
-Ideal para iniciación... Cuando necesitas un poco más de wing para poder empezar a volar. Muy cuidada. Siempre aclarada con agua dulce y dejada secar antes de guardarla. Se puede ver sin problema en Miami Playa.";https://es.wallapop.com/item/ala-wing-foil-eleveight-6m-1277722619;[];[6];False;2026-07-11;Envío disponible;Disponible;https://cdn.wallapop.com/images/10420/l4/q1/__/c10420p1277722619/i6590592951.jpg?pictureSize=W640|https://cdn.wallapop.com/images/10420/l4/q1/__/c10420p1277722619/i6590592955.jpg?pictureSize=W640|https://cdn.wallapop.com/images/10420/l4/q1/__/c10420p1277722619/i6590592956.jpg?pictureSize=W640|https://cdn.wallapop.com/images/10420/l4/q1/__/c10420p1277722619/i6590592961.jpg?pictureSize=W640|https://cdn.wallapop.com/images/10420/l4/q1/__/c10420p1277722619/i6590592963.jpg?pictureSize=W640|https://cdn.wallapop.com/images/10420/l4/q1/__/c10420p1277722619/i6590592968.jpg?pictureSize=W640|https://cdn.wallapop.com/images/10420/l4/q1/__/c10420p1277722619/i6590592970.jpg?pictureSize=W640|https://cdn.wallapop.com/images/10420/l4/q1/__/c10420p1277722619/i6590592979.jpg?pictureSize=W640|https://cdn.wallapop.com/images/10420/l4/q1/__/c10420p1277722619/i6590592987.jpg?pictureSize=W640|https://cdn.wallapop.com/images/10420/l4/q1/__/c10420p1277722619/i6590593001.jpg?pictureSize=W640
AIR WING RRD 6.0;599.0;Sant Pere Pescador, 17470;"Ala AIR WING RRD de 6.0 m
- Perfecto para iniciar-se y evolucionar en el wingfoil!
- Handles rigidos para mayor control
Se hacen envíos. Más información por WhatsApp en el (+34) 621014083.";https://es.wallapop.com/item/air-wing-rrd-6-0-1280839013;[];[6];False;2026-07-11;Envío disponible;Disponible;https://cdn.wallapop.com/images/10420/l6/kt/__/c10420p1280839013/i6612181891.jpg?pictureSize=W640|https://cdn.wallapop.com/images/10420/l6/kt/__/c10420p1280839013/i6612181917.jpg?pictureSize=W640|https://cdn.wallapop.com/images/10420/l6/kt/__/c10420p1280839013/i6612181931.jpg?pictureSize=W640|https://cdn.wallapop.com/images/10420/l6/kt/__/c10420p1280839013/i6612181945.jpg?pictureSize=W640|https://cdn.wallapop.com/images/10420/l6/kt/__/c10420p1280839013/i6612181959.jpg?pictureSize=W640
Tabla de wing foil hinchable 150L;299.0;Sevilla, 41010;"Un solo uso, prácticamente nueva a estrenar
Hinchable perfecta para iniciación e intermedio
150L
También se vende wing Takoon v2 de 7 metros 299€

#wingfoil #hydrofoil #foil #vela #surf #tabla";https://es.wallapop.com/item/tabla-de-wing-foil-hinchable-150l-1277081407;[150];[7];False;2026-07-11;Envío disponible;Disponible;https://cdn.wallapop.com/images/10420/l4/ca/__/c10420p1277081407/i6604679136.jpg?pictureSize=W640|https://cdn.wallapop.com/images/10420/l4/ca/__/c10420p1277081407/i6604679158.jpg?pictureSize=W640|https://cdn.wallapop.com/images/10420/l4/ca/__/c10420p1277081407/i6604679150.jpg?pictureSize=W640|https://cdn.wallapop.com/images/10420/l4/ca/__/c10420p1277081407/i6604679154.jpg?pictureSize=W640
